<?xml version="1.0" encoding="UTF-8" standalone="no"?>
<Biblioteca>
    <Libros>
        <Libro id="1">
            <Titulo>Cien años de soledad</Titulo>
            <Autor>Gabriel García Márquez</Autor>
            <AñoPublicacion>1967</AñoPublicacion>
            <GeneroLiterario>Realismo mágico</GeneroLiterario>
        </Libro>
        <Libro id="2">
            <Titulo>Cien años de soledad</Titulo>
            <Autor>Gabriel García Márquez</Autor>
            <AñoPublicacion>1967</AñoPublicacion>
            <GeneroLiterario>Realismo mágico</GeneroLiterario>
        </Libro>
        <Libro id="3">
            <Titulo>El ingenioso hidalgo don Quijote de la Mancha</Titulo>
            <Autor>Miguel de Cervantes</Autor>
            <AñoPublicacion>1605 (primera parte) y 1615 (segunda parte)</AñoPublicacion>
            <GeneroLiterario>Novela de caballerías (parodia), sátira</GeneroLiterario>
        </Libro>
        <Libro id="4">
            <Titulo>El ingenioso hidalgo don Quijote de la Mancha</Titulo>
            <Autor>Miguel de Cervantes</Autor>
            <AñoPublicacion>1605 (primera parte) y 1615 (segunda parte)</AñoPublicacion>
            <GeneroLiterario>Novela de caballerías (parodia), sátira</GeneroLiterario>
        </Libro>
    </Libros>
    <Comics>
        <Comic id="1">
            <Titulo>Maus</Titulo>
            <Guionista>Art Spiegelman</Guionista>
            <Dibujante>Art Spiegelman</Dibujante>
            <Editorial>Pantheon Books</Editorial>
        </Comic>
    </Comics>
</Biblioteca>
